{"entities":{"pages":{"Overview":{"id":"Overview","title":"Overview","url":"overview.html","level":0,"pages":["Goals","Key-concepts"],"tabIndex":0},"Goals":{"id":"Goals","title":"The project","url":"goals.html","level":1,"parentId":"Overview","tabIndex":0},"Key-concepts":{"id":"Key-concepts","title":"Key concepts","url":"key-concepts.html","level":1,"parentId":"Overview","tabIndex":1},"High-level":{"id":"High-level","title":"High-level","url":"high-level.html","level":0,"pages":["Directory-structure"],"tabIndex":1},"Directory-structure":{"id":"Directory-structure","title":"Directory structure","url":"directory-structure.html","level":1,"parentId":"High-level","tabIndex":0}}},"topLevelIds":["Overview","High-level"]}